step,system_stopped,system_total_timeloss,system_average_timeloss,system_mean_speed,system_total_travel_time,system_average_travel_time
36005.0,0,0.0,0.0,17.15502557700788,0.0,0.0
36010.0,0,0.0,0.0,17.90512216885456,0.0,0.0
36015.0,0,0.0,0.0,19.452077272324296,0.0,0.0
36020.0,0,0.0,0.0,18.070029223766152,0.0,0.0
36025.0,1,0.0,0.0,17.358690228605195,0.0,0.0
36030.0,3,0.0,0.0,17.26803185768634,0.0,0.0
36035.0,3,0.0,0.0,16.49963469862483,0.0,0.0
36040.0,5,0.0,0.0,14.772234421563596,0.0,0.0
36045.0,8,0.0,0.0,13.38486086095241,0.0,0.0
36050.0,12,0.0,0.0,12.784055339270788,0.0,0.0
36055.0,12,0.0,0.0,12.68090997077851,0.0,0.0
36060.0,18,22.394016255004527,11.197008127502263,11.806945913650475,94.0,47.0
36065.0,18,28.73607298460317,9.578690994867722,11.200035785345527,141.0,47.0
36070.0,21,28.73607298460317,9.578690994867722,10.816013961519104,141.0,47.0
36075.0,25,42.787882250124234,8.557576450024847,9.654988786225111,253.0,50.6
36080.0,23,48.75831454644426,8.12638575774071,9.788200006379272,305.0,50.833333333333336
36085.0,24,57.319968023211324,8.18856686045876,10.34381364907874,351.0,50.142857142857146
36090.0,32,64.649821927456,8.081227740932,9.72425850296362,391.0,48.875
36095.0,33,72.54060171845019,8.060066857605577,9.395628873880137,444.0,49.333333333333336
36100.0,36,170.98860505957677,14.249050421631397,8.727965582458133,704.0,58.666666666666664
36105.0,42,179.97416606172635,13.844166620132796,8.097321559241648,748.0,57.53846153846154
36110.0,45,259.2275054212907,16.201719088830668,7.569739084903573,1022.0,63.875
36115.0,49,263.4131139420706,15.494889055415918,6.800725972360939,1059.0,62.294117647058826
36120.0,51,274.0441090818487,15.224672726769374,6.262126088322332,1119.0,62.166666666666664
36125.0,54,274.0441090818487,15.224672726769374,6.307029680049537,1119.0,62.166666666666664
36130.0,55,274.0441090818487,15.224672726769374,6.6810303280324606,1119.0,62.166666666666664
36135.0,62,274.0441090818487,15.224672726769374,6.352605028502392,1119.0,62.166666666666664
36140.0,64,277.0072250666767,14.579327635088248,5.943746068083257,1167.0,61.421052631578945
36145.0,57,318.2976684184463,15.157031829449823,5.990776828616325,1366.0,65.04761904761905
36150.0,46,419.60968295973953,17.48373678998915,7.373061988224603,1636.0,68.16666666666667
36155.0,36,426.7935295952371,17.071741183809483,9.305735187992811,1722.0,68.88
36160.0,29,433.28410826795283,16.664773394921262,10.747596009484768,1769.0,68.03846153846153
36165.0,31,831.6661857246756,27.722206190822522,11.819298332674729,2379.0,79.3
36170.0,32,1323.7045504992784,37.8201300142651,11.746048788025085,3120.0,89.14285714285714
36175.0,36,1931.8300136320427,45.99595270552483,10.16285486260918,4076.0,97.04761904761905
36180.0,42,2651.1287471299365,50.98324513711417,8.4031561016396,5294.0,101.8076923076923
36185.0,46,2934.4903544392632,50.59466128343557,7.725561440675421,5902.0,101.75862068965517
36190.0,47,3172.9337512364655,51.176350826394604,7.141637287231774,6352.0,102.45161290322581
36195.0,53,3442.8330219559266,52.16413669630192,7.3517408021777255,6825.0,103.4090909090909
36200.0,58,3735.714975049369,53.367356786419556,6.910271947343458,7282.0,104.02857142857142
36205.0,61,3919.000819106132,53.68494272748126,6.403156272150354,7638.0,104.63013698630137
36210.0,68,4074.0894474939873,53.6064400986051,5.687143001942774,7913.0,104.11842105263158
36215.0,59,4111.6772746120105,53.398406163792345,5.742934036563226,8015.0,104.0909090909091
36220.0,40,4158.3433379410335,52.63725744229156,7.547250787389337,8144.0,103.0886075949367
36225.0,39,4239.574389392566,52.340424560402056,8.656139906328162,8309.0,102.58024691358025
36230.0,38,4289.194512567577,51.67704232009128,8.951185268072003,8453.0,101.8433734939759
36235.0,42,4389.141658714105,51.63696069075417,8.763520231715843,8621.0,101.4235294117647
36240.0,43,4544.138515917535,52.23147719445443,9.029150223944972,8857.0,101.80459770114942
36245.0,44,4582.992792801157,51.49430104270962,8.631798464146758,8967.0,100.75280898876404
36250.0,54,4592.678291645043,51.02975879605603,7.900976379825606,9006.0,100.06666666666666
36255.0,67,4592.678291645043,51.02975879605603,7.520633933329174,9006.0,100.06666666666666
36260.0,74,4674.059900596305,51.363295610948406,7.249280039814703,9143.0,100.47252747252747
36265.0,79,5151.9469423104465,54.23102044537312,6.514837724314137,9865.0,103.84210526315789
36270.0,74,5284.440423315376,55.04625440953517,6.223512025891721,10077.0,104.96875
36275.0,60,5760.873221009269,57.03834872286405,7.285121805458075,10904.0,107.96039603960396
36280.0,48,6418.535078599574,59.986309145790415,8.689401198003008,11992.0,112.07476635514018
36285.0,37,6792.397681938775,60.10971399945819,9.884092443596629,12774.0,113.04424778761062
36290.0,38,6933.910540232127,59.77509086407006,10.505981669092288,13105.0,112.97413793103448
36295.0,43,7666.407518373968,61.82586708366103,10.37397648331438,14227.0,114.73387096774194
36300.0,45,8559.813823398199,65.34209025494809,9.819380759329196,15465.0,118.05343511450381
36305.0,47,9416.42844030281,68.23498869784645,9.033349541542819,16665.0,120.76086956521739
36310.0,49,9957.131699939588,68.66987379268681,8.800231906789794,17621.0,121.52413793103449
36315.0,52,10487.22428562838,68.54394957927045,8.011198386657695,18568.0,121.359477124183
36320.0,58,10626.018469841485,67.68164630472283,7.257200247633168,18874.0,120.21656050955414
36325.0,61,10868.923576263187,67.93077235164492,7.191239454697763,19261.0,120.38125
36330.0,59,11746.723970933817,69.50724243156105,6.515935970503039,20586.0,121.81065088757397
36335.0,64,12365.686392475203,70.6610650998583,5.778559933152499,21528.0,123.01714285714286
36340.0,62,12459.98924234408,70.39541944827164,5.833144779769652,21732.0,122.77966101694915
36345.0,58,12538.401813165541,69.65778785091968,5.830591242712488,21926.0,121.81111111111112
36350.0,54,12538.401813165541,69.65778785091968,6.749172287150282,21926.0,121.81111111111112
36355.0,48,12562.904886737575,69.02694992712954,7.524049868701375,22039.0,121.0934065934066
36360.0,40,12562.904886737575,69.02694992712954,8.70684982666131,22039.0,121.0934065934066
36365.0,52,12567.000420861363,68.67213344732986,7.759670450086635,22084.0,120.6775956284153
36370.0,65,12712.652300369724,68.71703946145797,6.643993541859855,22318.0,120.63783783783784
36375.0,77,12721.104160307294,68.39303311993169,6.405185939947869,22369.0,120.26344086021506
36380.0,82,12980.973020029523,69.04772882994428,5.835299081195109,22743.0,120.97340425531915
36385.0,77,13244.863324834347,69.34483416143637,5.664684504132816,23146.0,121.18324607329843
36390.0,65,13244.863324834347,69.34483416143637,6.90625294950027,23146.0,121.18324607329843
36395.0,56,14039.93438197254,71.26870244656112,7.904635004526753,24382.0,123.76649746192894
36400.0,53,14227.5437004659,71.1377185023295,8.411591912199876,24791.0,123.955
36405.0,53,14782.1592741452,71.7580547288602,8.662439678420196,25657.0,124.54854368932038
36410.0,52,15343.538726488674,72.03539308210645,7.799932239031981,26593.0,124.84976525821597
36415.0,57,16154.32853629433,73.76405724335311,7.115515115963361,27749.0,126.70776255707763
36420.0,59,16789.69845114102,74.6208820050712,7.196131977644378,28700.0,127.55555555555556
36425.0,62,17055.09388635048,75.132572186566,7.295689925146353,29092.0,128.15859030837004
36430.0,69,17374.14644506111,75.21275517342471,7.010054868251855,29590.0,128.0952380952381
36435.0,69,17898.27472083184,75.84014712216882,6.60175218718562,30383.0,128.7415254237288
36440.0,71,18343.727825941965,76.43219927475819,6.736797348914072,31036.0,129.31666666666666
36445.0,76,19217.378001258523,77.17822490465271,5.684657066151745,32377.0,130.0281124497992
36450.0,72,19592.17854267599,77.43944088014224,5.3086990566882974,32972.0,130.32411067193675
36455.0,65,19811.212008368737,76.78764344328968,5.895371119865205,33433.0,129.58527131782947
36460.0,63,19815.863735386734,76.50912639145457,6.846384101022775,33476.0,129.25096525096524
36465.0,58,19823.547916528853,76.2444150635725,6.680335319460511,33521.0,128.9269230769231
36470.0,56,19826.807222202093,75.9647786291268,6.809960908869723,33567.0,128.60919540229884
36475.0,58,19826.807222202093,75.9647786291268,7.115338006036594,33567.0,128.60919540229884
36480.0,61,19834.760127571946,75.70519132661047,6.657658259835686,33612.0,128.29007633587787
36485.0,69,19991.03947950907,76.01155695630824,6.366423897860485,33833.0,128.6425855513308
36490.0,80,20129.445358746423,76.2478990861607,5.861113619820491,34036.0,128.92424242424244
36495.0,84,20261.604539289016,76.45888505392081,5.627731148061064,34224.0,129.14716981132077
36500.0,73,20515.810144809424,76.55153039107994,6.468335342533606,34667.0,129.3544776119403
36505.0,63,21186.129274573326,77.60486913763123,7.8475349956389335,35685.0,130.71428571428572
36510.0,55,21186.129274573326,77.60486913763123,8.953758787830653,35685.0,130.71428571428572
36515.0,58,21728.965423485228,77.60344794101867,9.326849390912777,36721.0,131.14642857142857
36520.0,65,22632.044312164682,78.0415321109127,8.975665732952642,38157.0,131.5758620689655
36525.0,65,23657.843342005497,79.38873604699832,8.475387883622028,39575.0,132.8020134228188
36530.0,66,24529.209473781033,79.89970512632259,7.439629047223916,40877.0,133.14983713355048
36535.0,64,24813.94540579811,79.53187630063496,7.582988540054973,41403.0,132.70192307692307
36540.0,70,25867.941527824267,80.08650627809371,6.4724122047646135,43063.0,133.32198142414862
36545.0,72,26217.321265855146,80.17529439099432,6.044550232937379,43595.0,133.31804281345566
36550.0,74,26531.579991738377,80.39872724769205,5.619025565033877,44046.0,133.47272727272727
36555.0,79,26790.93214159933,80.69557873975701,5.308510577235195,44415.0,133.78012048192772
36560.0,77,27590.69203587034,81.62926637831461,5.199513847550405,45542.0,134.7396449704142
36565.0,86,28253.363788348484,82.61217481973242,4.792006998499392,46411.0,135.7046783625731
36570.0,90,28674.344801171857,83.35565349177865,4.724381054554825,46976.0,136.5581395348837
36575.0,96,29053.65270209325,83.72810576972118,4.097701744253473,47497.0,136.87896253602307
36580.0,89,29173.318013598866,83.59116909340649,4.2628928364420755,47689.0,136.64469914040114
36585.0,83,29267.467483500306,83.38309824359061,4.908427958429124,47860.0,136.35327635327636
36590.0,79,29295.22590148878,82.75487542793441,5.270846235745968,47998.0,135.58757062146893
36595.0,78,29295.22590148878,82.75487542793441,5.753890089008403,47998.0,135.58757062146893
36600.0,73,29295.22590148878,82.75487542793441,5.678595897991152,47998.0,135.58757062146893
36605.0,75,29295.22590148878,82.75487542793441,6.0211494907826815,47998.0,135.58757062146893
36610.0,65,29343.730506488784,82.65839579292616,5.608396998737728,48093.0,135.4732394366197
36615.0,62,29563.095732975005,82.80979196911767,6.062373798015019,48424.0,135.64145658263305
36620.0,56,29750.164121616956,83.1010170994887,7.377283242050004,48665.0,135.93575418994413
36625.0,55,29750.164121616956,83.1010170994887,8.466596577149936,48665.0,135.93575418994413
36630.0,66,29964.94995008555,83.00540152378268,8.756886730925888,49011.0,135.76454293628808
36635.0,65,30903.788704063583,83.7501048890612,8.732538309562495,50460.0,136.7479674796748
36640.0,65,32230.159846389743,85.03999959469589,8.303409679221799,52390.0,138.23218997361477
36645.0,66,33451.897286525804,86.43901107629407,7.743377014740302,54026.0,139.60206718346254
36650.0,69,34157.148606382674,86.0381576986969,6.96807881263775,55294.0,139.27959697733
36655.0,72,34569.11805211703,86.20727693794771,6.69946985542403,55939.0,139.49875311720697
36660.0,78,35145.99325873459,86.56648585895219,6.408606625758869,56828.0,139.9704433497537
36665.0,83,35699.3784221236,87.07165468810634,5.781255154029372,57591.0,140.4658536585366
36670.0,90,36594.83593479437,88.18032755372137,5.190706196874944,58723.0,141.50120481927712
36675.0,91,37751.75847868337,89.45914331441557,4.444149671711374,60291.0,142.86966824644549
36680.0,91,38334.155805379414,89.77554052782064,4.044782450754392,61151.0,143.21077283372367
36685.0,96,38512.954989695136,89.56501160394218,4.041617490865738,61506.0,143.03720930232558
36690.0,100,38608.36740085618,89.57857865627884,4.049652809442359,61683.0,143.11600928074245
36695.0,106,38766.49808251203,89.53001866630953,3.7824483480669477,61916.0,142.9930715935335
36700.0,104,38820.60215752228,89.24276358051098,3.594880617886286,62042.0,142.62528735632185
36705.0,96,38916.36161997464,89.05345908461015,4.027753781945819,62216.0,142.37070938215103
36710.0,93,38921.579086950376,88.86205270993237,4.684511998776233,62259.0,142.14383561643837
36715.0,91,38975.773553687046,88.58130353110693,4.485583023204787,62408.0,141.83636363636364
36720.0,92,38979.232102924136,88.38828141252638,4.45295209569305,62451.0,141.6122448979592
36725.0,93,38979.232102924136,88.38828141252638,4.324345417984835,62451.0,141.6122448979592
36730.0,82,39062.38645940718,88.3764399534099,4.278253518325501,62568.0,141.55656108597285
36735.0,71,39081.57157565099,88.02155760281754,5.0446494664921735,62675.0,141.1599099099099
36740.0,70,39297.3420333212,88.30863378274427,6.5594376184813505,62949.0,141.45842696629214
36745.0,71,39297.3420333212,88.30863378274427,7.620632437145867,62949.0,141.45842696629214
36750.0,72,39790.976968353134,88.42439326300696,7.759901325510285,63717.0,141.59333333333333
36755.0,75,40257.93719214591,88.09176628478318,7.416850978312867,64573.0,141.29759299781182
36760.0,76,42175.19514465727,90.50471061085251,7.185932779202868,66974.0,143.72103004291844
36765.0,76,43200.035980986715,91.33199995980279,6.727348997745364,68328.0,144.4566596194503
36770.0,82,43652.411962942104,91.32303757937679,6.585553061602375,69069.0,144.4958158995816
36775.0,85,44483.45385570336,92.09824814845416,5.948549847105802,70134.0,145.2049689440994
36780.0,86,44704.09198296536,91.98372836001103,5.454601148253451,70526.0,145.11522633744855
36785.0,93,45940.15235731993,93.18489321971589,5.105358473318028,72146.0,146.34077079107504
36790.0,95,47255.165612961624,94.3216878502228,4.501011801368555,73932.0,147.5688622754491
36795.0,105,47881.67005576111,94.81518822922992,3.836979880076477,74758.0,148.03564356435643
36800.0,113,48001.91285861732,94.67832910969885,3.2360904887816924,74996.0,147.92110453648914
36805.0,120,48083.87791861828,94.65330298940606,3.0930887755523893,75117.0,147.86811023622047
36810.0,126,48214.529272284075,94.16900248492983,2.668463009671017,75455.0,147.373046875
36815.0,124,48214.529272284075,94.16900248492983,2.474207755407719,75455.0,147.373046875
36820.0,118,48217.60703459687,93.99143671461378,3.4286940526357883,75503.0,147.17933723196882
36825.0,116,48217.60703459687,93.99143671461378,3.928202721668355,75503.0,147.17933723196882
36830.0,117,48217.60703459687,93.99143671461378,3.9967610758332004,75503.0,147.17933723196882
36835.0,104,48217.60703459687,93.99143671461378,3.9789485478178657,75503.0,147.17933723196882
36840.0,92,48217.60703459687,93.99143671461378,4.894945377900358,75503.0,147.17933723196882
36845.0,83,48502.11078536716,94.1788558939168,5.737855233592607,75875.0,147.33009708737865
36850.0,76,48502.11078536716,94.1788558939168,6.730121866669594,75875.0,147.33009708737865
36855.0,80,48764.49097785463,94.13994397269234,7.343835009865077,76284.0,147.26640926640925
36860.0,84,49175.82630333969,94.02643652646212,7.311975921790174,76926.0,147.08604206500956
36865.0,85,50833.987117131015,95.0167983497776,6.455317071911042,79239.0,148.11028037383178
36870.0,91,51780.69165681024,95.5363314701296,6.13925554668347,80595.0,148.69926199261994
36875.0,99,52788.68215998264,96.15424801454033,5.778744783272204,82001.0,149.36429872495447
36880.0,99,53663.9525956942,96.6918064787283,5.3898527013866975,83212.0,149.93153153153153
36885.0,108,53798.70735973361,96.58654822214294,5.066155883560212,83502.0,149.91382405745063
36890.0,106,54218.52865215834,96.99200116665178,4.941356607297847,84030.0,150.32200357781753
36895.0,106,55266.1436519059,97.98961640408848,4.620107806654569,85313.0,151.26418439716312
36900.0,112,55486.48163449024,98.20616218493848,4.6982786330006885,85580.0,151.46902654867256
36905.0,121,56635.895683243754,99.18720785156525,4.281038740756229,87072.0,152.49036777583188
36910.0,129,57392.47714592483,99.29494315903949,3.7327369085272033,88245.0,152.67301038062283
36915.0,136,57946.7143445561,99.56480127930601,3.21280630744535,89075.0,153.04982817869416
36920.0,141,58151.073773082615,99.5737564607579,2.7621369606508046,89436.0,153.14383561643837
36925.0,147,58309.61729628071,99.50446637590565,2.6240097136831846,89673.0,153.02559726962457
36930.0,146,58452.15751792252,99.23965622737269,2.309910526066512,89948.0,152.71307300509338
36935.0,144,58522.676642741346,98.85587270733336,2.1146535497258303,90151.0,152.28209459459458
36940.0,141,58522.676642741346,98.85587270733336,2.658962235716737,90151.0,152.28209459459458
36945.0,137,58522.676642741346,98.85587270733336,3.003835914886145,90151.0,152.28209459459458
36950.0,141,58522.676642741346,98.85587270733336,3.1610726116692995,90151.0,152.28209459459458
36955.0,128,58527.13399136802,98.69668463974371,3.117389684729486,90193.0,152.09612141652613
36960.0,116,58527.13399136802,98.69668463974371,4.087230507282394,90193.0,152.09612141652613
36965.0,98,58527.13399136802,98.69668463974371,5.42132387620226,90193.0,152.09612141652613
36970.0,89,58527.13399136802,98.69668463974371,6.624210062105606,90193.0,152.09612141652613
36975.0,88,59332.30505129858,99.21790142357622,6.948836989513845,91242.0,152.57859531772576
36980.0,87,59635.7548447354,99.22754549872778,7.410278180887439,91675.0,152.53743760399334
36985.0,83,60619.061236484486,99.21286618082567,7.172545126865388,93152.0,152.4582651391162
36990.0,73,63386.883182874495,101.7445957991565,6.69661584907388,96643.0,155.12520064205458
36995.0,77,65030.09448941311,103.05878682949779,6.6176302640871585,98671.0,156.37242472266243
37000.0,86,65626.67401962717,103.67563036276015,6.516589141585149,99370.0,156.9826224328594
37005.0,93,66451.9437751047,103.50770058427523,5.878138715862783,100663.0,156.79595015576325
37010.0,97,67440.38120852548,103.91430078355235,5.080072174473012,102042.0,157.22958397534669
37015.0,101,68767.00215704678,105.14832134105012,4.812152241178304,103634.0,158.4617737003058
37020.0,111,70012.79107627754,106.40241804905402,4.633861188390593,105104.0,159.73252279635258
37025.0,125,71067.36686275913,107.35251791957572,3.9943653172948657,106416.0,160.74924471299093
37030.0,135,72131.18811723855,107.98082053478825,3.3383008355936696,107803.0,161.3817365269461
37035.0,142,72427.22977065427,107.93923959859058,2.8304944383597306,108221.0,161.28315946348732
37040.0,152,72427.22977065427,107.93923959859058,2.7117985663012583,108221.0,161.28315946348732
37045.0,156,72869.45937376525,107.47707872236762,1.9801100534671376,109081.0,160.88643067846607
37050.0,158,72879.04770297118,107.33291267006064,1.8162159892119005,109138.0,160.73343151693666
37055.0,162,72879.04770297118,107.33291267006064,1.7903126145358912,109138.0,160.73343151693666
37060.0,158,72879.04770297118,107.33291267006064,2.0545669512792943,109138.0,160.73343151693666
37065.0,156,72879.04770297118,107.33291267006064,2.423371342195764,109138.0,160.73343151693666
37070.0,152,72887.23547258528,107.187110989096,2.8348346847109913,109179.0,160.55735294117648
37075.0,150,72887.23547258528,107.187110989096,2.9544247591856223,109179.0,160.55735294117648
37080.0,147,72887.23547258528,107.187110989096,2.8726385812781663,109179.0,160.55735294117648
37085.0,150,72887.23547258528,107.187110989096,2.8972175912809117,109179.0,160.55735294117648
37090.0,150,72893.24851087567,107.03854406883357,2.8163330861541147,109225.0,160.38913362701908
37095.0,144,73244.81746710179,107.39709306026656,2.797450006875028,109643.0,160.766862170088
37100.0,136,73251.9330226427,107.25026796873016,3.6178343663926094,109684.0,160.59150805270863
37105.0,123,73359.02857806653,107.25004178079902,4.675407834173453,109855.0,160.60672514619884
37110.0,112,73692.91391219807,107.58089622218696,5.505338190727722,110253.0,160.95328467153286
37115.0,110,74296.51062611546,107.36489974872175,5.2169105081078975,111293.0,160.82803468208093
37120.0,120,74692.40572827378,107.16270549250183,5.338962576271424,111917.0,160.56958393113342
37125.0,127,75499.49334810098,107.09147992638437,5.225761325807542,113145.0,160.48936170212767
37130.0,130,77712.34848843991,109.1465568657864,4.701373876270891,115719.0,162.52668539325842
37135.0,135,78998.95636281892,110.1798554572091,4.537584627752945,117269.0,163.55509065550908
37140.0,139,81250.90302850567,111.91584439188108,4.182447858310904,120002.0,165.29201101928373
37145.0,141,81675.98945044602,111.73185971333245,3.9966989798161316,120680.0,165.08891928864568
37150.0,146,82127.69880485184,111.89059782677363,3.872530027500679,121251.0,165.19209809264305
37155.0,148,83311.14113869434,112.73496771135905,3.3820747386663492,122730.0,166.07577807848443
37160.0,154,85317.73198440317,114.52044561664856,2.812686478310366,125116.0,167.94093959731543
37165.0,156,85742.80868807402,114.62942337977809,2.580480119246665,125686.0,168.02941176470588
37170.0,152,86579.7122104619,115.28590174495594,2.4356479342935184,126668.0,168.66577896138483
37175.0,137,86910.89923011823,115.57300429536998,3.267219176894878,127045.0,168.94281914893617
37180.0,140,87791.14196172165,116.27965822744589,3.579167455447511,128055.0,169.60927152317882
37185.0,148,88051.73154745076,116.47054437493487,3.6896842750529806,128360.0,169.7883597883598
37190.0,148,88134.24544176819,116.4256875056383,3.7909781564003833,128473.0,169.7133421400264
37195.0,149,88134.24544176819,116.4256875056383,3.7208574456653127,128473.0,169.7133421400264
37200.0,144,88472.41826906832,115.95336601450632,3.600584998388126,129050.0,169.13499344692005
37205.0,145,88932.55241379555,116.25170250169353,3.427119414725514,129603.0,169.4156862745098
37210.0,147,88935.74087723544,116.10410036192616,3.207690899402736,129650.0,169.25587467362925
37215.0,151,88942.80051856754,115.96193027192639,3.2258952453143626,129696.0,169.09517601043024
37220.0,147,89046.65662404394,115.94616747922389,3.2784671921359796,129843.0,169.06640625
37225.0,134,89609.69197024647,116.22528141406805,3.6546758367974364,130602.0,169.3929961089494
37230.0,122,90676.48053189847,116.85113470605474,4.394277413264943,132038.0,170.1520618556701
37235.0,115,91243.59388114471,116.97896651428809,5.269069577355256,132869.0,170.3448717948718
37240.0,119,91579.51757466176,116.6618058275946,5.439773481529774,133466.0,170.0203821656051
37245.0,126,91957.16584319179,116.10753263029267,5.113125693253063,134198.0,169.4419191919192
37250.0,127,94535.3921613064,118.31713662241101,4.61441477767376,137146.0,171.64705882352942
37255.0,136,96635.61811570643,119.74673868117277,4.131562408630131,139684.0,173.090458488228
37260.0,148,98333.82600376579,120.65500123161446,3.590470242353769,141770.0,173.95092024539878
37265.0,151,98938.36274694125,120.50957703646924,3.343308102480777,142690.0,173.80024360535933
37270.0,150,100313.41939253581,121.44481766650824,3.47115710226269,144313.0,174.71307506053267
37275.0,145,101177.53718957341,121.9006472163535,3.2517795602464554,145392.0,175.17108433734938
37280.0,148,102631.36867968334,122.91181877806387,3.0896408172018384,147135.0,176.20958083832335
37285.0,142,104439.73457248784,124.18517785075844,3.1201596792999955,149225.0,177.43757431629012
37290.0,152,104809.22170949064,124.18154230982303,3.078360832299446,149740.0,177.4170616113744
37295.0,159,105410.531395582,124.4516309274876,2.663006093975489,150439.0,177.61393152302244
37300.0,161,105410.531395582,124.4516309274876,2.427440629842019,150439.0,177.61393152302244
37305.0,153,105504.43162417502,124.41560333039507,2.9616442595148533,150568.0,177.5566037735849
37310.0,153,105630.20498724561,124.1248002200301,3.419867065528474,150806.0,177.21034077555817
37315.0,155,105669.42578419915,123.87974886775984,3.3267376677619063,150932.0,176.94255568581477
37320.0,161,105669.42578419915,123.87974886775984,3.243966845858832,150932.0,176.94255568581477
37325.0,167,105669.42578419915,123.87974886775984,3.2546323763999148,150932.0,176.94255568581477
37330.0,171,106143.04949403978,124.14391753688862,2.8870257782529283,151498.0,177.1906432748538
37335.0,166,106627.56588769359,124.2745523166592,2.9271392962703935,152129.0,177.30652680652682
37340.0,156,106634.80066191785,124.13830111981123,3.4861369950907415,152170.0,177.14784633294528
37345.0,148,106634.80066191785,124.13830111981123,4.3699555721912215,152170.0,177.14784633294528
37350.0,148,106941.73766391525,124.2064316654068,4.901603252171509,152594.0,177.22880371660858
37355.0,153,107811.29799802843,124.49341570211135,4.746921222656533,153785.0,177.580831408776
37360.0,156,109312.47606324802,124.64364431385178,4.073907256864815,155915.0,177.78221208665906
37365.0,151,111334.84846121125,125.80208865673588,3.7169290990041617,158418.0,179.00338983050847
37370.0,148,113644.66574696894,127.11931291607264,3.3052482595007544,161187.0,180.2986577181208
37375.0,153,114490.20696573572,126.78871203292992,3.2414218338215313,162489.0,179.9435215946844
37380.0,157,114612.60853526654,126.78385899918865,3.2567297877385717,162654.0,179.9269911504425
37385.0,159,115267.90457246028,127.08699511847881,3.3304361314981277,163444.0,180.2028665931643
37390.0,166,116464.5698733067,127.84255748990856,2.9584661527654648,164857.0,180.96267837541163
37395.0,167,118443.97895353806,129.02394221518307,2.6940431853257047,167210.0,182.1459694989107
37400.0,169,119049.18524614439,129.40128831102652,2.632050680775987,167881.0,182.47934782608695
37405.0,172,119669.41709330319,129.7932940274438,2.2989911204254976,168577.0,182.83839479392626
37410.0,162,119746.33788714767,129.7360107119693,2.761952640899458,168686.0,182.75839653304442
37415.0,160,119746.33788714767,129.7360107119693,3.2608897306925013,168686.0,182.75839653304442
37420.0,155,119754.7715791997,129.60473114632003,3.57155372261785,168728.0,182.6060606060606
37425.0,156,119754.7715791997,129.60473114632003,3.6778851446151384,168728.0,182.6060606060606
37430.0,168,119754.7715791997,129.60473114632003,3.4351130827696674,168728.0,182.6060606060606
37435.0,170,120265.99714133596,129.73678224523837,3.1594812140153192,169367.0,182.70442286947141
37440.0,180,120265.99714133596,129.73678224523837,3.006592506569514,169367.0,182.70442286947141
37445.0,187,120305.3302389292,129.63936448160473,2.979049618279708,169451.0,182.5980603448276
37450.0,187,120796.51462068249,130.02854103410385,2.942605050137032,170012.0,183.005382131324
37455.0,180,121533.35137608417,130.54065668752327,3.192653475009733,170884.0,183.54887218045113
37460.0,171,122222.62083954723,130.999593611519,3.91225566050981,171705.0,184.03536977491962
37465.0,167,122776.37202011663,130.89165460566804,4.184600698503412,172621.0,184.0309168443497
37470.0,167,123120.60315934398,130.42436775354236,4.165121914955976,173303.0,183.58368644067798
37475.0,169,124941.01222212009,131.10284598333692,3.801634750706412,175688.0,184.35257082896118
37480.0,167,127020.08030879419,132.31258365499394,3.557989139098451,178256.0,185.68333333333334
37485.0,172,129584.39198319057,133.86817353635388,3.224741274262722,181266.0,187.2582644628099
37490.0,181,131191.61063437792,134.4176338466987,2.62220374200225,183291.0,187.79815573770492
37495.0,188,131878.1647054867,134.29548340680927,2.3123993107427885,184262.0,187.63951120162932
37500.0,189,133018.1404330533,135.04379739396276,2.094698802947074,185545.0,188.37055837563452
37505.0,198,134436.01537248935,135.93125922395282,1.9641582779560163,187156.0,189.2376137512639
37510.0,198,135158.28898671025,136.38576083421822,2.1023164695662904,187958.0,189.66498486377395
37515.0,206,135158.28898671025,136.38576083421822,2.1065060431993103,187958.0,189.66498486377395
37520.0,203,135918.90978113786,136.73934585627552,1.8898060630797937,188839.0,189.9788732394366
37525.0,203,136386.78768585355,136.9345257890096,1.8225333613357888,189384.0,190.14457831325302
37530.0,202,136820.144330741,137.09433299673447,2.039908826708523,189910.0,190.29058116232466
37535.0,201,136823.08136503893,136.96004140644538,2.2710769227496304,189956.0,190.14614614614615
37540.0,194,136823.08136503893,136.96004140644538,2.4180429569422808,189956.0,190.14614614614615
37545.0,200,136826.8492466726,136.8268492466726,2.324303235288779,190001.0,190.001
37550.0,193,136826.8492466726,136.8268492466726,2.334144690402641,190001.0,190.001
37555.0,201,136826.8492466726,136.8268492466726,2.3612532130124033,190001.0,190.001
37560.0,209,136834.05755189163,136.69736019169994,2.343289605373283,190040.0,189.85014985014985
37565.0,219,137370.06677691973,137.095875026866,2.132419914853798,190628.0,190.24750499001996
37570.0,227,137370.06677691973,137.095875026866,2.105702600390313,190628.0,190.24750499001996
37575.0,224,138113.33950173354,137.56308715312105,2.105465238188421,191501.0,190.73804780876495
37580.0,217,138661.13636423802,137.4243175066779,2.277436089053147,192399.0,190.6828543111992
37585.0,206,138905.26101513076,137.12266635254764,2.6831936312784785,192910.0,190.43435340572557
37590.0,211,139023.4907023687,136.9689563570135,3.292302090997805,193155.0,190.30049261083744
37595.0,209,139369.63002258868,136.7709813764364,3.288574338002973,193717.0,190.10500490677134
37600.0,207,140423.12887280842,136.998174510057,3.071161345642267,195035.0,190.2780487804878
37605.0,201,141735.1586667142,137.60695016185846,2.930996556437199,196619.0,190.89223300970875
37610.0,200,144410.3234540277,139.25778539443365,2.7778315635042894,199669.0,192.54484088717453
37615.0,198,145854.46857987455,139.5736541434206,2.553179442083028,201534.0,192.8555023923445
37620.0,204,147082.47673982978,140.21208459468997,2.4696187245086207,202960.0,193.47950428979982
37625.0,207,148266.8820401442,140.80425644838007,2.3098555793213134,204311.0,194.0275403608737
37630.0,212,149094.255134362,141.05416758217785,2.100852436800921,205302.0,194.23084200567644
37635.0,211,150012.46125996168,141.6548264966588,2.234125801589958,206294.0,194.80075542965062
37640.0,202,151677.71715642288,142.68835104084937,2.5001685696501417,208157.0,195.8203198494826
37645.0,196,152764.8092424869,143.30657527437796,2.7494532926812028,209404.0,196.4390243902439
37650.0,194,153713.69752915966,143.9266830797375,3.094144363053939,210427.0,197.02902621722848
37655.0,192,154201.32869268928,144.24820270597687,3.353135455747657,210955.0,197.33863423760525
37660.0,191,154357.05793697745,144.1242371026867,3.271209481566113,211187.0,197.18674136321195
37665.0,187,154452.24382453345,143.9443092493322,2.9019872828277045,211371.0,196.99068033550793
37670.0,201,154536.11595299473,143.88837612010684,2.9115044433780426,211490.0,196.91806331471136
37675.0,207,155726.0354076139,144.72679870596087,2.7924534726012977,212793.0,197.76301115241637
37680.0,221,155733.94036490237,144.59975892748596,2.6360823142436773,212836.0,197.61931290622098
37685.0,231,155733.94036490237,144.59975892748596,2.5885213435603336,212836.0,197.61931290622098
37690.0,233,156278.07308869035,144.97038319915617,2.428822863615219,213444.0,198.0
37695.0,226,157618.04488897696,145.27008745527831,2.052965165954581,215229.0,198.36774193548388
37700.0,216,158630.7081123341,145.53275973608635,2.372613678484776,216594.0,198.71009174311928
37705.0,214,158783.40330769867,145.2730130903007,2.8377027028542434,216940.0,198.48124428179324
37710.0,218,158811.40441756486,145.03324604343823,3.1796760177543284,217108.0,198.27214611872145
37715.0,219,159133.0744150564,144.53503579932462,2.9643589176970333,217792.0,197.81289736603088
37720.0,216,159951.58117093405,144.75256214564166,2.8536975198055776,218808.0,198.0162895927602
37725.0,209,161845.44766136142,145.8067096048301,2.862146136684189,220956.0,199.05945945945945
37730.0,213,166372.6910269771,148.28225581727014,2.3144240014885114,226119.0,201.53208556149733
37735.0,216,166436.77710376267,147.94380187001127,2.3899902087770206,226323.0,201.176
37740.0,214,167540.2879752868,148.39706640857997,2.1557618889205306,227634.0,201.62444641275465
37745.0,216,169359.5447749242,149.34704124772858,1.9311314918929496,229655.0,202.51763668430334
37750.0,219,170578.3989301471,150.02497707136948,2.0840248975037805,231023.0,203.18645558487248
37755.0,223,172122.85298287333,150.98495875690642,1.9368635917722263,232705.0,204.12719298245614
37760.0,232,173251.02989840633,151.70843248546964,1.6763273931719467,233940.0,204.85113835376532
37765.0,230,173339.11490840267,151.5202053395128,1.7355535697322735,234117.0,204.64772727272728
37770.0,229,173408.8104754486,151.44874277331758,1.8143680354215264,234225.0,204.56331877729258
37775.0,213,173427.23701250568,151.20072974063268,2.3722092374945483,234324.0,204.29293809938972
37780.0,217,173427.23701250568,151.20072974063268,2.6762708444211336,234324.0,204.29293809938972
37785.0,225,173427.23701250568,151.20072974063268,2.414980663974557,234324.0,204.29293809938972
37790.0,234,173435.54919279134,151.07626236305865,2.147540281900037,234367.0,204.15243902439025
37795.0,239,173435.54919279134,151.07626236305865,2.121717714220399,234367.0,204.15243902439025
37800.0,250,173435.54919279134,151.07626236305865,2.1099060285491427,234367.0,204.15243902439025
37805.0,248,173442.89551453694,150.95117103092858,2.1077766006535703,234409.0,204.0113141862489
37810.0,245,173442.89551453694,150.95117103092858,2.226912977488901,234409.0,204.0113141862489
37815.0,244,173845.67341385406,151.03881269665862,2.1149027262034448,234954.0,204.13032145960034
37820.0,240,173957.5407434166,151.0048096731047,2.5183305961715345,235119.0,204.09635416666666
37825.0,231,173957.5407434166,151.0048096731047,3.0573222833605556,235119.0,204.09635416666666
37830.0,238,175966.85829120423,151.82645236514603,3.1348759805425574,237677.0,205.07075064710958
37835.0,237,177429.7962464621,151.64939850124966,2.868961076176399,239891.0,205.03504273504274
37840.0,237,178460.6215697998,151.6232978502972,2.6272818000240576,241300.0,205.01274426508073
37845.0,232,181260.7072645493,153.22122338507972,2.619242231824556,244422.0,206.61200338123416
37850.0,226,185493.75009775502,155.61556216254615,2.4276346705580356,249105.0,208.98070469798657
37855.0,225,186440.718046758,155.62664277692656,2.320936633017009,250309.0,208.9390651085142
37860.0,221,188811.36197809913,156.8200680881222,2.167583377977385,252939.0,210.08222591362127
37865.0,217,188811.36197809913,156.8200680881222,2.1936305064454005,252939.0,210.08222591362127
37870.0,217,190903.61528645625,158.03279411130484,2.186552490828789,255242.0,211.2930463576159
37875.0,213,193346.59313737365,159.39537768950836,2.3469147660149656,257955.0,212.65869744435284
37880.0,207,193965.55385823423,159.51114626499526,2.675290541021618,258716.0,212.75986842105263
37885.0,207,195129.52356894393,160.20486335709683,3.2931945323057152,259968.0,213.4384236453202
37890.0,219,195797.0203328446,160.48936092856115,3.0432972272104295,260726.0,213.70983606557377
37895.0,225,195958.073021071,160.35848856061457,2.893148950281894,260965.0,213.5556464811784
37900.0,230,196148.69234735947,159.99077679229973,2.4274520571737743,261314.0,213.14355628058726
37905.0,239,196249.43759569916,159.5523882891863,2.0787202565069847,261579.0,212.66585365853658
37910.0,237,196249.43759569916,159.5523882891863,2.053391136178641,261579.0,212.66585365853658
37915.0,245,196258.9728046923,159.43052218090358,1.9657028194132933,261619.0,212.52558895207147
37920.0,251,196263.3290140261,159.30465017372248,1.9860746999268823,261663.0,212.3887987012987
37925.0,257,197280.90204349192,159.87107134804856,1.9369492316365897,262809.0,212.97325769854132
37930.0,263,197950.91379206366,160.15446099681526,1.7105966626212417,263627.0,213.29045307443366
37935.0,256,199128.18681021975,160.45784593893615,1.5390036848975581,265159.0,213.66559226430297
37940.0,248,199508.64336873984,160.37672296522496,1.850452056915308,265742.0,213.61897106109325
37945.0,235,199606.64563273234,160.32662299817858,2.5522836963036637,265938.0,213.60481927710845
37950.0,240,199609.57698676697,160.2003025575979,2.934574169666031,265982.0,213.46869983948636
37955.0,238,199872.56438107823,160.02607236275279,3.086844515661846,266384.0,213.27782225780624
37960.0,240,202876.74008205085,161.6547729737457,3.0970260573661488,269667.0,214.87410358565737
37965.0,243,205419.81728162846,163.03160101716546,2.7737287664042585,272504.0,216.27301587301588
37970.0,240,208724.16076598363,164.3497328866013,2.3188722116212213,276349.0,217.5976377952756
37975.0,232,210112.51724638717,164.4072904901308,2.0428326052296555,278116.0,217.61815336463224
37980.0,228,210816.12786745865,164.31498664649934,2.060598388808468,279060.0,217.50584567420108
37985.0,228,210823.9321784532,164.19309359692616,2.2492172889219577,279104.0,217.37071651090343
37990.0,222,211505.98211195075,164.59609502875546,2.418160350582217,279820.0,217.75875486381324
37995.0,212,212964.80785730504,165.34534771529894,2.7176082519854097,281406.0,218.48291925465838
38000.0,204,215808.60163268945,167.03452138753053,3.2411279516054896,284457.0,220.16795665634675
38005.0,207,217944.8161296164,168.2971553124451,3.4026343200614684,286759.0,221.43552123552124
38010.0,213,220649.3040219192,169.86089609077692,3.3553828791896634,289680.0,223.00230946882218
38015.0,218,221240.0611147009,170.18466239592377,3.3965876642619994,290302.0,223.30923076923077
38020.0,222,222525.08772764893,170.77903893142667,3.1480403968817474,291709.0,223.87490406753645
38025.0,214,223978.10621088292,171.4993156285474,2.9509639910238654,293315.0,224.59035222052069
38030.0,221,224091.40719137498,171.19282443955308,2.9320105150896345,293538.0,224.24598930481284
38035.0,226,224091.40719137498,171.19282443955308,3.1295359296515906,293538.0,224.24598930481284
38040.0,240,224175.5901839618,170.99587351942165,2.878140494399974,293725.0,224.0465293668955
38045.0,244,227408.97580355057,172.410140866983,2.398693994871567,297510.0,225.55724033358604
38050.0,244,229675.01987889264,173.20891393581647,2.109711235207199,300195.0,226.39140271493213
38055.0,222,231518.79976696594,173.81291273796242,2.3667776504494666,302448.0,227.06306306306305
38060.0,218,231937.15767366686,173.7356986319602,2.9328649963885507,303013.0,226.97602996254682
38065.0,221,232207.99269919514,173.4189639277036,3.1060374070881887,303542.0,226.69305451829723
38070.0,223,232422.26260643243,173.1909557424981,3.09065096925827,303936.0,226.47988077496274
38075.0,223,235572.28770522628,174.75688998904027,2.773709657305013,307417.0,228.0541543026706
38080.0,218,238470.41233587576,175.86313594091132,2.6214492139823973,310774.0,229.1843657817109
38085.0,210,240856.99868133123,176.3228394446056,2.46291469528682,313683.0,229.63616398243045
38090.0,210,241741.37609550144,176.32485492013234,2.376934226752505,314796.0,229.61050328227572
38095.0,209,243251.18029737726,176.90994930718347,2.3517993969452236,316462.0,230.15418181818183
38100.0,206,245486.20952744773,178.14674131164566,2.306023378813676,318856.0,231.39042089985486
38105.0,193,245571.4137947768,178.0793428533552,2.553557873105778,318989.0,231.31907179115302
38110.0,186,247982.57135061917,179.17815849033178,2.8694360523182443,321641.0,232.39956647398844
38115.0,187,250737.96032907884,180.5168900857299,3.4162017225115444,324654.0,233.73218142548595
38120.0,189,252079.01010818352,181.22143070322323,3.318783273168637,326096.0,234.43278217109992
38125.0,200,252714.17300402088,181.28706815209532,3.0705837694616984,326858.0,234.47489239598278
38130.0,217,252848.19754524232,181.12335067710768,2.7378129296157327,327069.0,234.29011461318052
38135.0,229,252962.12925358507,180.94572907981765,2.5386399015405416,327261.0,234.09227467811158
38140.0,240,253749.83204128934,181.1205082378939,2.2816363310117724,328197.0,234.2591006423983
38145.0,240,253758.06020294095,180.99718987370966,2.199596927467258,328242.0,234.12410841654778
38150.0,247,255929.13398250323,182.15596724733325,2.1072809144222258,330582.0,235.2896797153025
38155.0,253,257071.5814912404,182.5792482182105,2.0165649961168937,331937.0,235.75071022727272
38160.0,255,258171.27610100672,182.71144805449873,1.6391703004177614,333362.0,235.9249823071479
38165.0,265,258495.6222205957,182.68241853045632,1.467129178158268,333832.0,235.92367491166078
38170.0,274,258495.6222205957,182.68241853045632,1.2764802698375304,333832.0,235.92367491166078
38175.0,263,258526.3144975339,182.31757016751334,1.2762316623624212,334064.0,235.58815232722145
38180.0,246,258622.31623496802,182.25674153274701,1.774779192186337,334210.0,235.52501761804086
38185.0,243,258629.85881998486,182.13370339435554,2.4247400987418,334287.0,235.41338028169014
38190.0,239,258715.6963499665,181.9379017932254,2.876374483777042,334466.0,235.20815752461323
38195.0,232,258808.01118244932,181.87492001577604,2.9660416131156366,334601.0,235.13773717498242
38200.0,226,261286.0891059239,182.7175448293174,2.642616346477585,337400.0,235.94405594405595
38205.0,223,266604.3471568271,185.27056786436907,2.2860548797437468,343226.0,238.5170257123002
38210.0,213,267007.52711324865,185.03640132588265,2.553994764419485,343810.0,238.26056826056825
38215.0,204,267595.9292300264,185.05942547028104,2.923014056282682,344522.0,238.25864453665284
38220.0,195,269297.3097627323,185.7222825949878,3.217999266959259,346405.0,238.9
38225.0,200,270595.9905199835,186.10453268224452,3.3785604229618307,347886.0,239.26134800550207
38230.0,204,272853.6833434369,187.2708876756602,3.250715631154807,350310.0,240.43239533287579
38235.0,203,274961.32706769946,188.32967607376676,3.0276548957764913,352551.0,241.47328767123287
38240.0,203,278518.42811416526,189.9852852074797,2.7491051059706786,356417.0,243.12210095497954
38245.0,212,279293.5729621568,190.1249645760087,2.789424489271788,357354.0,243.2634445200817
38250.0,221,280059.4409277074,190.38711143963795,2.7813210232515853,358212.0,243.5159755268525
38255.0,227,281318.0125747345,190.98303637117075,2.8245790136053186,359584.0,244.11676849966057
38260.0,233,282340.5909658525,191.41734980735762,2.82917720202954,360751.0,244.57694915254237
38265.0,246,284566.77798088815,192.14502226933703,2.413019021469339,363358.0,245.34638757596218
38270.0,247,286409.58484625444,192.6090012415968,2.0383656557543754,365555.0,245.8338937457969
38275.0,250,287746.8137182748,192.60161560794833,1.7088763328362848,367247.0,245.81459170013386
38280.0,259,289186.3799052018,193.17727448577273,1.4759629140864203,368832.0,246.3807615230461
38285.0,263,289218.4856337732,192.94095105655316,1.2449877679703514,368948.0,246.12941961307538
38290.0,268,289253.50134412566,192.83566756275044,1.2374372965973714,369035.0,246.02333333333334
38295.0,273,289253.50134412566,192.83566756275044,1.1563211104536724,369035.0,246.02333333333334
38300.0,266,289253.50134412566,192.83566756275044,1.2259797405003805,369035.0,246.02333333333334
38305.0,251,289429.899418785,192.69633782875167,1.6024129409746017,369353.0,245.9074567243675
38310.0,237,289448.8260374928,192.5807225798355,2.370202452742828,369442.0,245.8030605455755
38315.0,226,289448.8260374928,192.5807225798355,2.8566842978822455,369442.0,245.8030605455755
38320.0,222,289830.66830424016,192.32293848987402,3.0555860403371136,370044.0,245.550099535501
38325.0,230,292823.5844927335,193.6663918602735,2.7256701444613842,373290.0,246.88492063492063
38330.0,245,294997.5567865221,194.46114488234812,2.362523024337137,375730.0,247.67963085036257
38335.0,236,298095.2708979291,195.60057145533406,2.2029656466623497,379170.0,248.79921259842519
38340.0,231,302311.02602203185,197.4598471731103,2.279128022789979,383766.0,250.66361854996734
38345.0,220,302311.02602203185,197.4598471731103,2.8655489843294646,383766.0,250.66361854996734
38350.0,220,303182.58828430634,197.77076861337662,3.036947371975284,384718.0,250.95759947814742
38355.0,224,305725.973591501,198.91084814020886,3.019961067396367,387425.0,252.06571242680548
38360.0,217,307223.2457499234,199.36615558074197,3.1801868861784897,389141.0,252.52498377676832
38365.0,215,308575.92581690795,199.72551832809577,3.067663934983167,390678.0,252.86601941747574
38370.0,209,310034.20710299734,200.15119890445277,2.861240991532308,392306.0,253.2640413169787
38375.0,212,310926.3489053853,200.46831006149924,2.728986964626784,393301.0,253.57898130238556
38380.0,226,310931.24898656807,200.34229960474747,2.7303574431888937,393337.0,253.4387886597938
38385.0,233,310931.24898656807,200.34229960474747,2.78054261612424,393337.0,253.4387886597938
38390.0,244,311553.2410824727,200.22701869053517,2.54727182747058,394262.0,253.38174807197944
38395.0,247,312539.7181859178,200.47448247974202,2.2729104835260205,395488.0,253.68056446440025
38400.0,244,313743.74524024216,200.6034176727891,2.108193528715137,397029.0,253.85485933503836
38405.0,237,315244.8340697355,201.04900131998437,2.3960589642210843,398743.0,254.30038265306123
38410.0,226,316505.7900904803,201.46772125428407,2.9810917151616674,400181.0,254.73010821133036
38415.0,217,317264.1330638705,201.565522912243,3.245502107278569,401123.0,254.8430749682338
38420.0,219,317643.4989560143,201.29499300127648,3.4208469882475963,401734.0,254.58428390367553
38425.0,221,318167.77912595577,200.73676916464086,3.085799638627461,402712.0,254.07697160883282
38430.0,224,320933.64088987565,201.71819037704316,2.9205981165107384,405789.0,255.05279698302954
38435.0,216,324840.32310017495,203.02520193760935,2.838816723178085,410144.0,256.34
38440.0,216,329266.55785456084,204.6404958698327,2.522687348250578,415045.0,257.9521441889372
38445.0,213,330633.0086436607,204.9801665490767,2.3536486407373616,416561.0,258.2523248605084
38450.0,216,331500.2009114211,205.26328229809357,2.378770877532599,417580.0,258.5634674922601
38455.0,211,334461.0788461743,206.2028846153972,2.1620753735058873,420889.0,259.4876695437731
38460.0,201,337592.6708319489,207.36650542503006,2.4199717673746783,424331.0,260.6455773955774
38465.0,196,337592.6708319489,207.36650542503006,3.084814491454961,424331.0,260.6455773955774
38470.0,202,338832.0359508811,207.74496379575785,3.346912902125707,425690.0,260.9993868792152
38475.0,215,338839.91117882193,207.62249459486637,2.92063086362265,425732.0,260.8651960784314
38480.0,228,339719.87138108065,207.65273311801997,2.603504935600354,426794.0,260.8765281173594
38485.0,232,339719.87138108065,207.65273311801997,2.57956096270412,426794.0,260.8765281173594
38490.0,243,339839.6275988878,207.34571543556302,2.297318212413666,427032.0,260.54423428920074
38495.0,249,340677.82898204454,207.60379584524347,2.1541612222683755,427965.0,260.79524680073126
38500.0,256,340677.82898204454,207.60379584524347,2.127244020035483,427965.0,260.79524680073126
38505.0,266,341436.27586787764,207.81270594514768,1.9718987337569764,428865.0,261.0255629945222
38510.0,271,343104.3942913196,208.32082227766824,1.7459160943831944,430810.0,261.5725561627201
38515.0,268,344225.45876263076,208.36892176914694,1.5244133308401693,432283.0,261.6725181598063
38520.0,257,344417.2587286264,208.1071049719797,1.7501552390885977,432659.0,261.42537764350453
38525.0,246,344417.2587286264,208.1071049719797,2.4822152813647334,432659.0,261.42537764350453
38530.0,246,344452.6730783688,207.87729214144164,2.8086019572552883,432828.0,261.2118286059143
38535.0,249,346556.7785300129,208.51791728640967,2.715306513406139,435208.0,261.8580024067389
38540.0,250,347450.8697763376,208.1790711661699,2.6711544425549323,436419.0,261.48532055122826
38545.0,247,349015.71781719074,208.36759272668104,2.5667593450753015,438271.0,261.65432835820894
38550.0,239,352608.467730594,209.76113487840215,2.4415107653480272,442178.0,263.04461629982154
38555.0,228,354943.88755875285,210.5242512210871,2.4371423935827745,444777.0,263.80604982206404
38560.0,228,358320.80467791716,211.52349744859336,2.312777079405743,448543.0,264.7833530106257
38565.0,225,359691.79573429463,211.83262410735844,2.331062094939096,450085.0,265.06772673733803
38570.0,235,361913.86905523593,212.7653551177166,2.293636926004497,452486.0,266.0117577895356
38575.0,228,363705.800432369,213.44237114575645,2.2596899382495756,454442.0,266.6913145539906
38580.0,216,367794.9368839732,215.08475841168024,2.6756564415060184,458828.0,268.3204678362573
38585.0,214,369106.4420807199,215.59955729014015,3.338550456797172,460246.0,268.8352803738318
38590.0,223,369757.202046345,215.4762249687325,3.188162435987306,461098.0,268.70512820512823
38595.0,229,370604.15106861835,215.71836499919579,3.0709312294732674,462029.0,268.93422584400463
38600.0,237,370715.07173343666,215.53201844967248,2.8578985836373576,462220.0,268.7325581395349
38605.0,241,371645.36552546755,215.8219311994585,2.6632815253812887,463249.0,269.01800232288036
38610.0,249,371697.2635357866,215.60166098363493,2.5181333844656435,463383.0,268.7836426914153
38615.0,252,371706.5760185488,215.35722828421135,2.415336608147797,463483.0,268.53012746234066
38620.0,260,372541.1035377154,215.59091639914084,2.2149299169755423,464413.0,268.75752314814815
38625.0,266,374124.58128751314,216.0072640228136,1.941634886009831,466254.0,269.1997690531178
38630.0,269,374238.31020263844,215.94824593343245,1.8956360373655465,466425.0,269.14310444316214
38635.0,264,376434.0214943289,216.46579729403618,1.5807910771547717,469066.0,269.73317998849916
38640.0,260,377198.5286413476,216.2835600007727,1.6773054581631774,470182.0,269.59977064220186
38645.0,255,377328.7367134512,215.98668386574198,2.053215638553328,470540.0,269.3417286777333
38650.0,254,377371.92587943084,215.88782945047532,2.3726348263933956,470641.0,269.2454233409611
38655.0,250,377683.8690706655,215.69609884104256,2.6060077402401736,471080.0,269.0348372358652
38660.0,247,378173.71634503116,215.6064517360497,2.5767027544286574,471701.0,268.92873432155073
38665.0,242,382480.38055268856,217.07172562581644,2.3043281028967217,476444.0,270.3995459704881
38670.0,234,385887.9840254672,218.01581018387978,2.1147948546346407,480234.0,271.3186440677966
38675.0,228,386938.02888001304,218.1161380383388,2.27334384514666,481479.0,271.4086809470124
38680.0,222,387513.97399872186,218.1948051794605,2.506405734987433,482138.0,271.4740990990991
38685.0,222,390024.7452569,218.9919962138686,2.418176734217411,484872.0,272.2470522178551
38690.0,231,390512.60237302276,219.14287450786912,2.4263141629745855,485395.0,272.3877665544332
38695.0,226,393352.44700210757,220.24213158012742,2.403401933018154,488452.0,273.48936170212767
38700.0,224,396168.98672821367,221.32345627274506,2.516566077282482,491468.0,274.5631284916201
38705.0,217,398515.82707250386,222.13814218088285,2.6895587352042902,494018.0,275.3723522853958
38710.0,218,400338.8875788884,222.78179609287056,2.9563640395311563,496021.0,276.0272676683361
38715.0,220,401712.16946970817,222.92573222514326,2.8432905463782405,497624.0,276.1509433962264
38720.0,229,402150.0228626072,222.79779659978237,2.759845541674955,498182.0,276.001108033241
38725.0,228,403060.3485073438,223.17848754559458,2.995146627943883,499154.0,276.38648947951276
38730.0,229,403179.5528157486,222.7511341523473,2.8244960708482445,499423.0,275.9243093922652
38735.0,235,403179.5528157486,222.7511341523473,2.840810178875197,499423.0,275.9243093922652
38740.0,238,404072.27255572047,223.1210781643956,2.822074291515135,500374.0,276.29707344008835
38745.0,251,405657.4488477451,223.62593652025637,2.4783529621875386,502155.0,276.82194046306506
38750.0,257,406054.33759681555,223.59820352247553,2.3068582739759185,502668.0,276.7995594713656
38755.0,251,407345.7227658106,223.81633119000583,2.1524572466674523,504203.0,277.0346153846154
38760.0,238,408263.4482271734,224.0743404100842,2.5496374737049146,505244.0,277.30186608122943
38765.0,230,408411.4305927544,223.90977554427323,3.18637872460043,505547.0,277.1639254385965
38770.0,218,408478.13148144685,223.823633688464,4.079078857563957,505693.0,277.09205479452055
38775.0,211,410580.1263328268,224.2381902418497,4.500548794238906,508171.0,277.5374112506827
38780.0,212,410928.34463678,223.81718117471675,4.15554199314287,508778.0,277.11220043572985
38785.0,211,414990.3077779035,224.92699608558456,3.680876239446388,513355.0,278.24119241192415
38790.0,208,420325.40733258874,226.71273318909857,3.482945726592495,519138.0,280.00970873786406
38795.0,196,422283.9070756492,227.27874438947748,3.5534084180242176,521345.0,280.5947255113025
38800.0,186,424216.8546343353,227.58414948193956,3.528349928712824,523531.0,280.86427038626607
38805.0,187,424980.71995734004,227.74958197070742,3.816520667481742,524389.0,281.0230439442658
38810.0,195,429805.0339921174,229.35167235438496,3.394203665078982,529683.0,282.6483457844184
38815.0,195,434611.9408685553,230.80825324936552,3.1183533730648607,534934.0,284.08603292618164
38820.0,197,435885.2384966733,231.23885331388504,3.047079185898326,536298.0,284.5082228116711
38825.0,204,437365.2748804546,231.41019834944686,2.709567379353332,538112.0,284.7153439153439
38830.0,206,441095.97193965234,232.5229161516354,2.623399929064273,542271.0,285.85714285714283
38835.0,221,441985.7621556279,232.6240853450673,2.6585180688999484,543292.0,285.9431578947368
38840.0,230,442107.57044161484,232.4435175823422,2.4902716522471215,543502.0,285.7528916929548
38845.0,245,442123.1033707222,232.08561856730825,2.243488436459225,543630.0,285.37007874015745
38850.0,256,442123.1033707222,232.08561856730825,2.14630481562885,543630.0,285.37007874015745
38855.0,274,442123.1033707222,232.08561856730825,1.921318752448176,543630.0,285.37007874015745
38860.0,272,443027.24166090315,232.43821703090407,1.832552584703835,544592.0,285.7250786988458
38865.0,260,443987.9845307098,232.69810509995273,2.1775356170444313,545657.0,285.9837526205451
38870.0,253,444865.0250452289,233.0356338633991,2.9984229659894313,546595.0,286.32530120481925
38875.0,245,445267.96319399675,233.12458805968416,3.5777659557025663,547073.0,286.4256544502618
38880.0,240,448297.32460937346,233.97563914894232,3.801387620909608,550488.0,287.3110647181628
38885.0,239,452735.011467974,234.9429224016471,3.492631571385329,555557.0,288.3015049299429
38890.0,239,453799.9052073456,234.76456554958386,3.2379118964730735,556883.0,288.0926021727884
38895.0,228,456097.10207761446,235.22284789974958,3.2271073875419747,559555.0,288.57916451779266
38900.0,232,460243.09008374147,236.02209747884177,2.8586581694658237,564298.0,289.38358974358977
38905.0,226,461835.4329272993,236.23295801907892,2.7456892417703904,566121.0,289.5759590792839
38910.0,232,464031.68821173324,236.8717142479496,2.5443208197540743,568530.0,290.2143950995406
38915.0,225,465891.4891596618,237.33646926116242,2.467101618719789,570573.0,290.6637799286806
38920.0,225,469683.20945463487,238.538958585391,2.2250843004791263,574720.0,291.88420518029454
38925.0,223,472946.4781130735,239.587881516248,2.047610919344116,578285.0,292.9508611955421
38930.0,227,473346.1062243402,239.66891454396972,1.9444150161812126,578733.0,293.0293670886076
38935.0,242,474510.6629738083,240.01550985018125,1.662943478747853,580050.0,293.3990895295903
38940.0,260,474834.1974326431,240.05773378798943,1.437386129107346,580454.0,293.4550050556117
38945.0,266,474882.7289784571,239.718692063835,1.2013368762999357,580659.0,293.1140837960626
38950.0,264,474882.7289784571,239.718692063835,1.5679179422561005,580659.0,293.1140837960626
38955.0,273,474886.6122089129,239.59970343537483,1.6674151079928594,580702.0,292.98789101917254
38960.0,286,474886.6122089129,239.59970343537483,1.6767554120486274,580702.0,292.98789101917254
38965.0,289,474886.6122089129,239.59970343537483,1.6857178879944024,580702.0,292.98789101917254
38970.0,291,474886.6122089129,239.59970343537483,1.7035357952286991,580702.0,292.98789101917254
38975.0,272,475932.8803719207,239.7646752503379,1.9834754736959346,581876.0,293.136523929471
38980.0,260,476954.14393170644,239.91657139421852,2.693318958981827,583039.0,293.27917505030183
38985.0,245,476954.14393170644,239.91657139421852,3.479544401521757,583039.0,293.27917505030183
38990.0,237,478882.3532450961,240.6443986156262,3.974093889529956,585080.0,294.0100502512563
38995.0,230,482086.34811731055,241.40528198162772,3.8654580423064306,588706.0,294.7951927891838
39000.0,230,485934.0334452811,241.99902064008023,3.541917596876885,593154.0,295.39541832669323
39005.0,229,486519.72211015574,241.68888331353986,3.451119442228579,593998.0,295.0809736711376
39010.0,222,489823.5779851045,242.36693616284242,3.2894915053651608,597758.0,295.77337951509156
39015.0,225,490665.8556944521,242.30412626886525,3.122647373210431,598830.0,295.7185185185185
39020.0,228,493882.4518264861,242.93283414977182,2.692975105246617,602448.0,296.33448106246925
39025.0,230,496990.5505494428,243.74230041659774,2.386393932948314,605894.0,297.15252574791566
39030.0,220,498206.37367353385,243.7408873158189,2.2025139220137113,607381.0,297.15313111545987
39035.0,217,499403.07279393205,243.9682817752477,2.2459589925872323,608738.0,297.38055691255494
39040.0,220,499740.0439844678,243.89460418958896,2.2561130541895427,609190.0,297.31088335773546
39045.0,233,501685.6380698786,244.12926426758085,1.8341085646019495,611570.0,297.60097323600974
39050.0,246,501685.6380698786,244.12926426758085,1.6588464855459657,611570.0,297.60097323600974
39055.0,252,502139.2014373422,243.87527995985536,1.3193328038950454,612229.0,297.34288489558037
39060.0,264,502210.83046850533,243.79166527597346,1.2149192639960145,612350.0,297.25728155339806
39065.0,273,502242.75779040734,243.57068758021694,1.0273936887780515,612461.0,297.0227934044617
39070.0,279,502246.2050634947,243.45429232355534,1.114290355140432,612504.0,296.89966068831797
39075.0,280,502246.2050634947,243.45429232355534,1.4062969229072322,612504.0,296.89966068831797
39080.0,290,502248.87864892575,243.33763500432448,1.4021374198656191,612549.0,296.7776162790698
39085.0,295,502248.87864892575,243.33763500432448,1.307362861370002,612549.0,296.7776162790698
39090.0,284,502256.59500718204,243.22353269112932,1.4690731588984864,612594.0,296.65569007263923
39095.0,271,502330.84544225584,243.1417451317792,1.9400317222180898,612709.0,296.56776379477253
39100.0,254,502330.84544225584,243.1417451317792,2.5672639676294806,612709.0,296.56776379477253
39105.0,243,502330.84544225584,243.1417451317792,3.2095645864442477,612709.0,296.56776379477253
39110.0,232,503404.88719827816,243.42596092760067,3.837174063582484,613886.0,296.8500967117988
39115.0,229,508997.9114935775,245.182038291704,3.790719118925163,619904.0,298.6050096339114
39120.0,230,510565.8681657644,245.34640469282286,3.618235277165849,621710.0,298.75540605478136
39125.0,224,511821.0394673016,244.89044950588595,3.7124370625836196,623485.0,298.3181818181818
39130.0,221,514643.9491971135,245.41914601674463,3.500234637662118,626703.0,298.85693848354794
39135.0,216,515497.1360561298,245.0081445133697,3.395452901832616,627917.0,298.43963878326997
39140.0,217,517527.0177592548,245.38976659993114,3.3218638656615043,630264.0,298.84495021337125
39145.0,216,522562.9367171606,246.72471044247433,2.807574268838357,635738.0,300.15958451369215
39150.0,215,525416.2810980963,247.3711304604973,2.6184360178849935,638933.0,300.8159133709981
39155.0,210,529822.6042219206,248.50966426919354,2.411318439425854,643798.0,301.96904315196997
39160.0,211,531195.7844504383,248.68716500488685,2.2926028103031486,645388.0,302.1479400749064
39165.0,224,531907.2035750209,248.78727950188068,2.0296991536707365,646176.0,302.2338634237605
39170.0,233,532492.7694321033,248.82839693088937,1.7306204001668937,646915.0,302.29672897196264
39175.0,241,532582.331489217,248.75400816871417,1.5056248476549419,647045.0,302.21625408687527
39180.0,256,532718.6871168768,248.58548162243434,1.218986039860918,647264.0,302.0363975734951
39185.0,271,532770.3890967232,248.49365163093432,1.0389256051502607,647365.0,301.9426305970149
39190.0,275,532800.536520347,248.3918585176443,1.1249571149206266,647439.0,301.8363636363636
39195.0,280,532800.536520347,248.3918585176443,1.3794987667229928,647439.0,301.8363636363636
39200.0,285,532808.2608300418,248.2797114771863,1.5361377369969003,647485.0,301.7171481826654
39205.0,290,532808.2608300418,248.2797114771863,1.5752471326157218,647485.0,301.7171481826654
39210.0,299,532808.2608300418,248.2797114771863,1.3461822158556427,647485.0,301.7171481826654
39215.0,292,532815.6719635561,248.16752303845183,1.4720640720410378,647530.0,301.59757801583606
39220.0,276,532845.4733179024,248.06586281094152,2.057542710006775,647609.0,301.493947858473
39225.0,258,532845.4733179024,248.06586281094152,2.954355829827623,647609.0,301.493947858473
39230.0,242,534949.3818109934,248.6979924737301,3.587426089172939,649861.0,302.12040911204093
39235.0,233,537190.0552193141,249.3918547907679,4.003635515347258,652252.0,302.8096564531105
39240.0,231,542640.6028744696,250.99010308717374,3.8829763637960557,658156.0,304.4199814986124
39245.0,224,543738.7932198918,250.45545519110632,3.452184786666083,659717.0,303.8770152003685
39250.0,221,546002.4511046655,250.45983995626858,3.2626756388141436,662471.0,303.8857798165138
39255.0,221,548964.7552947961,251.12751843311807,3.1194070442294124,665754.0,304.55352241537054
39260.0,217,549854.590833943,250.96056176811638,2.9873473720635255,666891.0,304.3774532177088
39265.0,211,552270.7023843346,251.48939088539828,2.881487354016692,669575.0,304.9066484517304
39270.0,204,555257.1630319126,252.27494912853822,3.043077075982231,672849.0,305.7014993184916
39275.0,207,559679.2906037795,253.13400750962438,2.583328535114248,677810.0,306.5626413387607
39280.0,205,561698.1559474301,253.47389708819045,2.2682372560069983,680110.0,306.90884476534296
39285.0,213,562429.4486596332,253.5750444813495,2.0587582910316637,680955.0,307.0130748422002
39290.0,221,562881.2432292564,253.5501095627281,1.8672534570846244,681515.0,306.98873873873873
39295.0,228,563384.5757639513,253.434357068804,1.6274987486280557,682184.0,306.8753936122357
39300.0,239,563432.6413178702,253.22815340129,1.440145543971912,682315.0,306.65842696629215
39305.0,252,563792.5408361577,253.27607405038532,1.2550150610235844,682765.0,306.7228212039533
39310.0,254,563799.9316117689,253.16566304973907,1.4855001035963165,682809.0,306.60484957341714
39315.0,265,563799.9316117689,253.16566304973907,1.747591301762011,682809.0,306.60484957341714
39320.0,264,563826.0485522213,253.0637560826846,1.6248364236971866,682876.0,306.4973070017953
39325.0,257,563826.0485522213,253.0637560826846,2.2139019555947708,682876.0,306.4973070017953
39330.0,249,564885.7197554761,253.42562573148322,2.7347881159173015,683986.0,306.85778375953345
39335.0,246,564885.7197554761,253.42562573148322,3.3624516986224364,683986.0,306.85778375953345
39340.0,244,566064.4290734461,253.72677233233802,3.83679606963508,685259.0,307.1532944867772
39345.0,239,571983.5607154291,255.46385025253647,3.846434099122332,691583.0,308.88030370701205
39350.0,233,574769.5518044789,255.90808183636636,3.7369929406797913,694693.0,309.3023152270703
39355.0,227,576692.3591023101,255.73940536687812,3.541920007205721,697075.0,309.1241685144124
39360.0,218,580635.5979477494,256.5778161501323,3.5402124394806083,701394.0,309.93990278391516
39365.0,209,582908.76949332,256.6749315250198,3.5065028047846734,704209.0,310.0876265962131
39370.0,208,585498.5777536266,256.9103017786865,3.2771004577949023,707246.0,310.3317244405441
39375.0,200,587514.7346967987,256.89319400821984,3.1006156288541282,709700.0,310.31919545255795
39380.0,199,589650.8792696588,257.48946692998203,3.188603486646538,712010.0,310.92139737991266
39385.0,199,591873.1863031753,257.89681320399797,3.170622298251343,714504.0,311.33071895424837
39390.0,202,595735.3024989791,258.6779429001212,2.605446187284863,718794.0,312.1120277898393
39395.0,210,598675.0612611993,259.16669318666635,2.2919721393894497,722185.0,312.63419913419915
39400.0,220,599251.4522817701,258.96778404570875,1.8876679169275796,722972.0,312.43388072601556
39405.0,223,599340.0139985951,258.7823894639875,1.578354564889516,723145.0,312.2387737478411
39410.0,226,599340.0139985951,258.7823894639875,1.7828106620300024,723145.0,312.2387737478411
39415.0,220,599439.307258503,258.49043003816433,1.8594780974706464,723375.0,311.9340232858991
39420.0,226,599442.1186746876,258.3802235666757,1.9216935803196435,723421.0,311.81939655172414
39425.0,239,599442.1186746876,258.3802235666757,1.7441859098588588,723421.0,311.81939655172414
39430.0,238,599442.1186746876,258.3802235666757,1.914346701334805,723421.0,311.81939655172414
39435.0,234,599442.1186746876,258.3802235666757,2.2729196784781274,723421.0,311.81939655172414
39440.0,230,599442.1186746876,258.3802235666757,3.025219894316433,723421.0,311.81939655172414
39445.0,224,600497.4197008641,258.72357591592595,3.7220230543611335,724524.0,312.16027574321413
39450.0,217,601830.0881898346,258.96303278392196,4.030461155395144,726000.0,312.3924268502582
39455.0,208,605527.7156917305,259.77164980340217,3.9826876378470426,730062.0,313.1969111969112
39460.0,197,607748.5742080658,260.1663416986583,4.016054112814335,732542.0,313.5881849315069
39465.0,194,612129.0252300781,260.9245631841765,3.679479937437649,737466.0,314.35038363171356
39470.0,185,618288.8810338596,262.43161334204564,3.634755293678232,744223.0,315.8841256366723
39475.0,181,620065.9047969084,262.51731786490615,3.7270949779627043,746342.0,315.9788314987299
39480.0,182,620065.9047969084,262.51731786490615,3.9146536943759545,746342.0,315.9788314987299
39485.0,179,620843.9882130994,262.5133142550103,3.8458026399659455,747265.0,315.96828752642705
39490.0,178,622594.486683555,262.5872993182433,3.739405820517924,749379.0,316.06031210459724
39495.0,175,624306.2812448023,262.9765295892175,3.7830228599573426,751262.0,316.45408593091827
39500.0,175,628850.8382656279,264.0011915472829,3.3477234217523106,756350.0,317.527287993283
39505.0,187,632337.032148138,264.5761640787188,2.701370637352996,760284.0,318.11046025104605
39510.0,193,634207.8754045747,264.69443881660044,2.370802731897921,762485.0,318.23247078464107
39515.0,201,635174.2487356012,264.5457095941696,1.861144757041116,763772.0,318.1057892544773
39520.0,203,635178.5165394337,264.4373507657926,1.7546315366802074,763813.0,317.99042464612825
39525.0,216,635250.7537563995,264.3573673559715,1.618998982228878,763937.0,317.909696213067
39530.0,227,635250.7537563995,264.3573673559715,1.560762224409081,763937.0,317.909696213067
39535.0,249,635250.7537563995,264.3573673559715,1.2636284678032383,763937.0,317.909696213067
39540.0,264,635294.6961236529,264.2656805838822,1.0670522798356674,764044.0,317.8219633943428
39545.0,260,635294.6961236529,264.2656805838822,1.1160484933763049,764044.0,317.8219633943428
39550.0,245,635294.6961236529,264.2656805838822,1.9717496728423698,764044.0,317.8219633943428
39555.0,244,635294.6961236529,264.2656805838822,2.8170186716364243,764044.0,317.8219633943428
39560.0,240,635294.6961236529,264.2656805838822,3.213093422056176,764044.0,317.8219633943428
39565.0,243,638461.2212137885,265.2518575877808,3.5059445442801427,767375.0,318.8097216452015
39570.0,238,640405.7612782143,265.50819290141555,3.455996665711271,769560.0,319.0547263681592
39575.0,242,644590.3946779509,266.57998125638994,3.6288253291785266,774062.0,320.1248966087676
39580.0,238,646247.3725024976,266.4937618567001,3.5488200780877546,776085.0,320.03505154639174
39585.0,229,648926.1505301825,266.93794756486324,3.5839878052802807,779068.0,320.4722336487042
39590.0,222,653000.8302945398,267.95274119595393,3.6139419557966326,783430.0,321.47312269183425
39595.0,220,654773.9599480608,268.1302047289356,3.607549344358351,785482.0,321.65520065520064
39600.0,216,656227.966057,267.8481494110204,3.4675834544274236,787423.0,321.39714285714285
39605.0,215,658405.1952723924,267.8621624379139,3.1259985242393125,790045.0,321.41781936533766
39610.0,210,661432.0576548467,268.2206235421114,2.7954518717761045,793515.0,321.7822384428224
39615.0,212,664344.0213741831,268.53032391842487,2.4463389818018473,796902.0,322.11075181891675
39620.0,219,667476.4587101601,269.143733350871,1.9006155733437275,800402.0,322.7427419354839
39625.0,223,667934.8287004586,269.0031529200397,1.5223574852521329,801006.0,322.59605316149816
39630.0,230,668559.165519304,268.82153820639485,1.126129832678059,801860.0,322.4205870526739
39635.0,232,668619.9363145032,268.7379165251219,1.0183435110166095,801970.0,322.3352090032154
39640.0,233,668915.5482436634,268.64078242717403,0.9325507238374452,802403.0,322.25020080321286
39645.0,235,668924.7954105062,268.53665010457894,0.8751405317730858,802462.0,322.14452027298273
39650.0,238,668949.7655446948,268.4389107322211,0.6373206983552941,802536.0,322.0449438202247
39655.0,247,668949.7655446948,268.4389107322211,0.5810407148061322,802536.0,322.0449438202247
39660.0,240,669011.9746799635,268.3561871961346,0.6870624183060223,802643.0,321.95868431608505
39665.0,238,669011.9746799635,268.3561871961346,1.376389872627065,802643.0,321.95868431608505
39670.0,234,669011.9746799635,268.3561871961346,2.141243419376733,802643.0,321.95868431608505
39675.0,239,669011.9746799635,268.3561871961346,2.4604739269062064,802643.0,321.95868431608505
39680.0,235,670965.3901867792,268.81626209406215,2.6985662581806382,804728.0,322.40705128205127
39685.0,228,672234.54611794,268.893818447176,2.665844069288604,806189.0,322.4756
39690.0,231,676027.7052706933,269.87133942941847,2.5462606806374057,810236.0,323.44750499002
39695.0,225,678479.5579768859,270.31058086728524,2.5056144539305003,812934.0,323.8780876494024
39700.0,216,678733.7406059359,270.30415794740577,2.7192742982936964,813229.0,323.86658701712463
39705.0,210,679215.9704506102,270.388523268555,2.851730329078947,813749.0,323.94466560509557
39710.0,205,681363.2689105885,270.7045168496577,2.703631571686811,816168.0,324.2622169249106
39715.0,208,682884.654693295,270.34230193717144,2.193140310357889,818235.0,323.9251781472684
39720.0,207,686793.519697052,271.13838124636874,1.7138907811903354,822542.0,324.7303592577971
39725.0,203,688503.04601599,271.4917373880087,1.5658338333371242,824407.0,325.08162460567826
39730.0,206,689673.4574426875,271.52498324515255,1.1795799676997636,825826.0,325.1283464566929
39735.0,202,690330.1191824963,271.56967709775626,0.9884064276214002,826601.0,325.1774193548387
39740.0,211,690837.2721764462,271.5555315158986,0.7689717608307215,827259.0,325.1804245283019
39745.0,220,690837.2721764462,271.5555315158986,0.6199812915629757,827259.0,325.1804245283019
39750.0,224,690837.2721764462,271.5555315158986,0.5180454817863216,827259.0,325.1804245283019
39755.0,230,690837.2721764462,271.5555315158986,0.44917517629385695,827259.0,325.1804245283019
39760.0,230,690837.2721764462,271.5555315158986,0.46963992007343125,827259.0,325.1804245283019
39765.0,235,690837.2721764462,271.5555315158986,0.4354730176756803,827259.0,325.1804245283019
39770.0,228,690837.2721764462,271.5555315158986,0.5512962969425557,827259.0,325.1804245283019
39775.0,226,690837.2721764462,271.5555315158986,1.000503296836864,827259.0,325.1804245283019
39780.0,218,690837.2721764462,271.5555315158986,1.6988666707654352,827259.0,325.1804245283019
39785.0,218,690837.2721764462,271.5555315158986,2.285261717449029,827259.0,325.1804245283019
39790.0,220,691750.1700124596,271.80753242139866,2.4901138207531197,828227.0,325.43300589390964
39795.0,213,692783.9916199669,272.1068309583531,2.790944179688435,829329.0,325.7380204241948
39800.0,201,695425.6420007219,272.7159380394988,2.853826070245655,832184.0,326.3466666666667
39805.0,199,698845.3341937425,273.62777376419047,2.8616285718107157,835804.0,327.25293657008615
39810.0,198,700162.0167658819,273.928801551597,2.8286911653726103,837215.0,327.54890453834116
39815.0,184,701461.687893146,274.22270832413835,2.992657729410496,838617.0,327.8408913213448
39820.0,185,703157.5329220115,274.5636598680248,2.8793597646128637,840448.0,328.17180788754393
39825.0,198,706813.5018377374,275.3461245959242,2.3953916703738503,844426.0,328.9544215037008
39830.0,189,711560.1704491003,276.3340467763496,1.773626478975291,849683.0,329.9739805825243
39835.0,189,714855.9353902042,276.86132276925025,1.1624629192130325,853389.0,330.5147172734315
39840.0,207,715455.6049463775,276.87910408141545,0.8038780445350995,854125.0,330.54373065015477
39845.0,203,715718.2813177784,276.8736097941116,0.7707239046542002,854463.0,330.5466150870406
39850.0,207,715718.2813177784,276.8736097941116,0.6911145765266262,854463.0,330.5466150870406
39855.0,213,715718.2813177784,276.8736097941116,0.6475074475745641,854463.0,330.5466150870406
39860.0,209,715718.2813177784,276.8736097941116,0.6128639598893145,854463.0,330.5466150870406
39865.0,210,715718.2813177784,276.8736097941116,0.6478470069830095,854463.0,330.5466150870406
39870.0,203,715718.2813177784,276.8736097941116,0.7278431555669841,854463.0,330.5466150870406
39875.0,200,715718.2813177784,276.8736097941116,1.2556092514624515,854463.0,330.5466150870406
39880.0,202,715718.2813177784,276.8736097941116,1.7781933433093762,854463.0,330.5466150870406
39885.0,204,715718.2813177784,276.8736097941116,1.834134161727094,854463.0,330.5466150870406
39890.0,214,718870.7828681885,277.7707816337668,1.625643343628409,857775.0,331.443199381762
39895.0,216,724211.3934067283,279.1871215908744,1.158665125892338,863446.0,332.8627602158828
39900.0,214,724550.1482812074,279.2100764089431,1.3594269854687984,863827.0,332.8813102119461
39905.0,191,724883.7931863288,279.2310451411128,2.099378095961585,864201.0,332.89714946070876
39910.0,178,724883.7931863288,279.2310451411128,2.4911113372024585,864201.0,332.89714946070876
39915.0,186,724883.7931863288,279.2310451411128,2.6156409536186254,864201.0,332.89714946070876
39920.0,186,725692.9588100557,279.3275438067959,2.7494754629988862,865098.0,332.986143187067
39925.0,195,726944.6258252984,279.48659201280213,2.6247290339427147,866460.0,333.12572087658594
39930.0,190,727497.3562752161,279.5916050250638,2.6761944712987846,867054.0,333.2259800153728
39935.0,187,727989.9533338923,279.6734357794438,2.6210076649599463,867590.0,333.30388013830196
39940.0,190,728347.7477110726,279.70343614096487,2.5200119251367536,868012.0,333.3379416282642
39945.0,194,731431.5749088502,280.4568922196512,2.171077008407221,871299.0,334.08703987730064
39950.0,200,732829.4533027972,280.77756831524795,2.0161227642164157,872834.0,334.41915708812263
39955.0,204,736197.6220250773,281.4211093368033,1.6964017146945913,876646.0,335.1093272171254
39960.0,206,738382.5373692014,281.7178700378487,1.2080302449106683,879195.0,335.4425791682564
39965.0,214,739761.1314082404,281.81376434599633,0.7754221297798459,880861.0,335.5660952380952
39970.0,216,739761.1314082404,281.81376434599633,0.6945803283826009,880861.0,335.5660952380952
39975.0,219,739761.1314082404,281.81376434599633,0.6232938490891768,880861.0,335.5660952380952
39980.0,227,739761.1314082404,281.81376434599633,0.5809024780352151,880861.0,335.5660952380952
39985.0,221,739761.1314082404,281.81376434599633,0.641199608354437,880861.0,335.5660952380952
39990.0,214,739761.1314082404,281.81376434599633,0.7673494195345277,880861.0,335.5660952380952
39995.0,189,739761.1314082404,281.81376434599633,1.6299157037416534,880861.0,335.5660952380952
40000.0,191,739761.1314082404,281.81376434599633,2.2160329385966295,880861.0,335.5660952380952
